tower_type,lat,lon,population,elevation,snr,tower_height,tx_power_dbm,path_loss_db,coverage_km,type
Existing,51.73179999778845,-9.0546999942998,N/A,N/A,N/A,32.0,43.0,N/A,12.956,Urban
Optimized,51.73179999778845,-9.0546999942998,N/A,N/A,N/A,32.0,43.0,145.99,1.2908538818359374,Urban
Existing,51.94389999799936,-8.389799993563429,N/A,N/A,N/A,32.0,43.0,N/A,2.722,Urban
Optimized,51.94389999799936,-8.389799993563429,N/A,N/A,N/A,32.0,43.0,145.99,1.2908538818359374,Urban
Existing,51.89449999794883,-8.462699993649709,N/A,N/A,N/A,32.0,43.0,N/A,1.0,Urban
Optimized,51.89449999794883,-8.462699993649709,N/A,N/A,N/A,32.0,43.0,145.99,1.2908538818359374,Urban
Existing,51.893899997948225,-8.464599993651799,N/A,N/A,N/A,32.0,43.0,N/A,1.0,Urban
Optimized,51.893899997948225,-8.464599993651799,N/A,N/A,N/A,32.0,43.0,145.99,1.2908538818359374,Urban
Existing,51.56409999761437,-9.226299994513798,N/A,N/A,N/A,32.0,43.0,N/A,1.947,Urban
Optimized,51.56409999761437,-9.226299994513798,N/A,N/A,N/A,32.0,43.0,145.99,1.2908538818359374,Urban
Existing,52.18309999824996,-8.271899993387498,N/A,N/A,N/A,32.0,43.0,N/A,5.498,Urban
Optimized,52.18309999824996,-8.271899993387498,N/A,N/A,N/A,32.0,43.0,145.99,1.2908538818359374,Urban
Existing,51.90389999795791,-8.423899993607616,N/A,N/A,N/A,32.0,43.0,N/A,1.0,Urban
Optimized,51.90389999795791,-8.423899993607616,N/A,N/A,N/A,32.0,43.0,145.99,1.2908538818359374,Urban
Existing,51.90299999795756,-8.452099993636864,N/A,N/A,N/A,32.0,43.0,N/A,1.0,Urban
Optimized,51.90299999795756,-8.452099993636864,N/A,N/A,N/A,32.0,43.0,145.99,1.2908538818359374,Urban
Existing,51.90519999795893,-8.408699993591682,N/A,N/A,N/A,32.0,43.0,N/A,1.0,Urban
Optimized,51.90519999795893,-8.408699993591682,N/A,N/A,N/A,32.0,43.0,145.99,1.2908538818359374,Urban
Existing,51.90479999795822,-8.395899993578604,N/A,N/A,N/A,32.0,43.0,N/A,1.0,Urban
Optimized,51.90479999795822,-8.395899993578604,N/A,N/A,N/A,32.0,43.0,145.99,1.2908538818359374,Urban
Existing,51.89869999795177,-8.39409999357815,N/A,N/A,N/A,32.0,43.0,N/A,1.542,Urban
Optimized,51.89869999795177,-8.39409999357815,N/A,N/A,N/A,32.0,43.0,145.99,1.2908538818359374,Urban
Existing,51.901499997954765,-8.396599993580077,N/A,N/A,N/A,32.0,43.0,N/A,1.0,Urban
Optimized,51.901499997954765,-8.396599993580077,N/A,N/A,N/A,32.0,43.0,145.99,1.2908538818359374,Urban
Existing,51.903899997956685,-8.36829999355045,N/A,N/A,N/A,32.0,43.0,N/A,3.483,Urban
Optimized,51.903899997956685,-8.36829999355045,N/A,N/A,N/A,32.0,43.0,145.99,1.2908538818359374,Urban
Existing,51.90429999795748,-8.385599993568132,N/A,N/A,N/A,32.0,43.0,N/A,1.253,Urban
Optimized,51.90429999795748,-8.385599993568132,N/A,N/A,N/A,32.0,43.0,145.99,1.2908538818359374,Urban
Existing,51.90529999795842,-8.380099993562254,N/A,N/A,N/A,32.0,43.0,N/A,1.901,Urban
Optimized,51.90529999795842,-8.380099993562254,N/A,N/A,N/A,32.0,43.0,145.99,1.2908538818359374,Urban
Existing,51.827099997874065,-8.28349999348137,N/A,N/A,N/A,32.0,43.0,N/A,3.759,Urban
Optimized,51.827099997874065,-8.28349999348137,N/A,N/A,N/A,32.0,43.0,145.99,1.2908538818359374,Urban
Existing,51.8354999978824,-8.261099993456533,N/A,N/A,N/A,32.0,43.0,N/A,4.481,Urban
Optimized,51.8354999978824,-8.261099993456533,N/A,N/A,N/A,32.0,43.0,145.99,1.2908538818359374,Urban
Existing,51.906299997958214,-8.323399993503815,N/A,N/A,N/A,32.0,43.0,N/A,1.474,Urban
Optimized,51.906299997958214,-8.323399993503815,N/A,N/A,N/A,32.0,43.0,145.99,1.2908538818359374,Urban
Existing,51.90519999795852,-8.389799993572247,N/A,N/A,N/A,32.0,43.0,N/A,1.0,Urban
Optimized,51.90519999795852,-8.389799993572247,N/A,N/A,N/A,32.0,43.0,145.99,1.2908538818359374,Urban
Existing,51.89909999795224,-8.396899993580938,N/A,N/A,N/A,32.0,43.0,N/A,1.0,Urban
Optimized,51.89909999795224,-8.396899993580938,N/A,N/A,N/A,32.0,43.0,145.99,1.2908538818359374,Urban
Existing,51.90329999795732,-8.426399993610325,N/A,N/A,N/A,32.0,43.0,N/A,1.0,Urban
Optimized,51.90329999795732,-8.426399993610325,N/A,N/A,N/A,32.0,43.0,145.99,1.2908538818359374,Urban
Existing,51.90039999795353,-8.393199993576836,N/A,N/A,N/A,32.0,43.0,N/A,1.0,Urban
Optimized,51.90039999795353,-8.393199993576836,N/A,N/A,N/A,32.0,43.0,145.99,1.2908538818359374,Urban
Existing,51.897799997950614,-8.38459999356859,N/A,N/A,N/A,32.0,43.0,N/A,1.0,Urban
Optimized,51.897799997950614,-8.38459999356859,N/A,N/A,N/A,32.0,43.0,145.99,1.2908538818359374,Urban
Existing,51.90649999796006,-8.397999993580383,N/A,N/A,N/A,32.0,43.0,N/A,1.0,Urban
Optimized,51.90649999796006,-8.397999993580383,N/A,N/A,N/A,32.0,43.0,145.99,1.2908538818359374,Urban
Existing,51.90109999795547,-8.447499993632558,N/A,N/A,N/A,32.0,43.0,N/A,2.031,Urban
Optimized,51.90109999795547,-8.447499993632558,N/A,N/A,N/A,32.0,43.0,145.99,1.2908538818359374,Urban
Existing,51.901499997956165,-8.461299993646685,N/A,N/A,N/A,32.0,43.0,N/A,1.0,Urban
Optimized,51.901499997956165,-8.461299993646685,N/A,N/A,N/A,32.0,43.0,145.99,1.2908538818359374,Urban
Existing,51.89919999795376,-8.461899993647824,N/A,N/A,N/A,32.0,43.0,N/A,1.0,Urban
Optimized,51.89919999795376,-8.461899993647824,N/A,N/A,N/A,32.0,43.0,145.99,1.2908538818359374,Urban
Existing,51.89749999795194,-8.459999993646251,N/A,N/A,N/A,32.0,43.0,N/A,1.0,Urban
Optimized,51.89749999795194,-8.459999993646251,N/A,N/A,N/A,32.0,43.0,145.99,1.2908538818359374,Urban
Existing,51.88919999794323,-8.462999993651216,N/A,N/A,N/A,32.0,43.0,N/A,1.0,Urban
Optimized,51.88919999794323,-8.462999993651216,N/A,N/A,N/A,32.0,43.0,145.99,1.2908538818359374,Urban
Existing,51.875399997928604,-8.459399993650628,N/A,N/A,N/A,32.0,43.0,N/A,1.846,Urban
Optimized,51.875399997928604,-8.459399993650628,N/A,N/A,N/A,32.0,43.0,145.99,1.2908538818359374,Urban
Existing,51.872299997925644,-8.473999993666359,N/A,N/A,N/A,32.0,43.0,N/A,1.0,Urban
Optimized,51.872299997925644,-8.473999993666359,N/A,N/A,N/A,32.0,43.0,145.99,1.2908538818359374,Urban
Existing,51.87369999792709,-8.472099993664091,N/A,N/A,N/A,32.0,43.0,N/A,1.0,Urban
Optimized,51.87369999792709,-8.472099993664091,N/A,N/A,N/A,32.0,43.0,145.99,1.2908538818359374,Urban
Existing,51.87519999792961,-8.516699993709736,N/A,N/A,N/A,32.0,43.0,N/A,1.0,Urban
Optimized,51.87519999792961,-8.516699993709736,N/A,N/A,N/A,32.0,43.0,145.99,1.2908538818359374,Urban
Existing,51.83329999788628,-8.558399993762142,N/A,N/A,N/A,32.0,43.0,N/A,5.152,Urban
Optimized,51.83329999788628,-8.558399993762142,N/A,N/A,N/A,32.0,43.0,145.99,1.2908538818359374,Urban
Existing,51.83619999788909,-8.546599993749314,N/A,N/A,N/A,32.0,43.0,N/A,4.311,Urban
Optimized,51.83619999788909,-8.546599993749314,N/A,N/A,N/A,32.0,43.0,145.99,1.2908538818359374,Urban
Existing,51.87619999792958,-8.46559999365683,N/A,N/A,N/A,32.0,43.0,N/A,1.0,Urban
Optimized,51.87619999792958,-8.46559999365683,N/A,N/A,N/A,32.0,43.0,145.99,1.2908538818359374,Urban
Existing,51.87549999792842,-8.4457999936366,N/A,N/A,N/A,32.0,43.0,N/A,1.0,Urban
Optimized,51.87549999792842,-8.4457999936366,N/A,N/A,N/A,32.0,43.0,145.99,1.2908538818359374,Urban
Existing,51.87819999793112,-8.438399993628375,N/A,N/A,N/A,32.0,43.0,N/A,1.0,Urban
Optimized,51.87819999793112,-8.438399993628375,N/A,N/A,N/A,32.0,43.0,145.99,1.2908538818359374,Urban
Existing,51.87909999793198,-8.43499999362467,N/A,N/A,N/A,32.0,43.0,N/A,1.0,Urban
Optimized,51.87909999793198,-8.43499999362467,N/A,N/A,N/A,32.0,43.0,145.99,1.2908538818359374,Urban
Existing,51.87959999793245,-8.431399993620852,N/A,N/A,N/A,32.0,43.0,N/A,1.0,Urban
Optimized,51.87959999793245,-8.431399993620852,N/A,N/A,N/A,32.0,43.0,145.99,1.2908538818359374,Urban
Existing,51.88129999793384,-8.41309999360165,N/A,N/A,N/A,32.0,43.0,N/A,1.0,Urban
Optimized,51.88129999793384,-8.41309999360165,N/A,N/A,N/A,32.0,43.0,145.99,1.2908538818359374,Urban
Existing,51.8821999979347,-8.40909999359733,N/A,N/A,N/A,32.0,43.0,N/A,1.002,Urban
Optimized,51.8821999979347,-8.40909999359733,N/A,N/A,N/A,32.0,43.0,145.99,1.2908538818359374,Urban
Existing,51.88379999793616,-8.39929999358689,N/A,N/A,N/A,32.0,43.0,N/A,1.0,Urban
Optimized,51.88379999793616,-8.39929999358689,N/A,N/A,N/A,32.0,43.0,145.99,1.2908538818359374,Urban
Existing,51.88929999794186,-8.394599993580805,N/A,N/A,N/A,32.0,43.0,N/A,1.0,Urban
Optimized,51.88929999794186,-8.394599993580805,N/A,N/A,N/A,32.0,43.0,145.99,1.2908538818359374,Urban
Existing,51.88709999793954,-8.394699993581412,N/A,N/A,N/A,32.0,43.0,N/A,1.0,Urban
Optimized,51.88709999793954,-8.394699993581412,N/A,N/A,N/A,32.0,43.0,145.99,1.2908538818359374,Urban
Existing,51.89459999794751,-8.397199993582273,N/A,N/A,N/A,32.0,43.0,N/A,1.0,Urban
Optimized,51.89459999794751,-8.397199993582273,N/A,N/A,N/A,32.0,43.0,145.99,1.2908538818359374,Urban
Existing,51.903699997956885,-8.387199993569915,N/A,N/A,N/A,32.0,43.0,N/A,1.511,Urban
Optimized,51.903699997956885,-8.387199993569915,N/A,N/A,N/A,32.0,43.0,145.99,1.2908538818359374,Urban
Existing,51.8920999979448,-8.393699993579247,N/A,N/A,N/A,32.0,43.0,N/A,1.59,Urban
Optimized,51.8920999979448,-8.393699993579247,N/A,N/A,N/A,32.0,43.0,145.99,1.2908538818359374,Urban
Existing,51.9010999979547,-8.412799993596833,N/A,N/A,N/A,32.0,43.0,N/A,1.0,Urban
Optimized,51.9010999979547,-8.412799993596833,N/A,N/A,N/A,32.0,43.0,145.99,1.2908538818359374,Urban
Existing,51.9006999979548,-8.437499993622346,N/A,N/A,N/A,32.0,43.0,N/A,1.0,Urban
Optimized,51.9006999979548,-8.437499993622346,N/A,N/A,N/A,32.0,43.0,145.99,1.2908538818359374,Urban
Existing,51.89239999794661,-8.462499993649974,N/A,N/A,N/A,32.0,43.0,N/A,1.0,Urban
Optimized,51.89239999794661,-8.462499993649974,N/A,N/A,N/A,32.0,43.0,145.99,1.2908538818359374,Urban
Existing,51.888699997942716,-8.46309999365143,N/A,N/A,N/A,32.0,43.0,N/A,1.0,Urban
Optimized,51.888699997942716,-8.46309999365143,N/A,N/A,N/A,32.0,43.0,145.99,1.2908538818359374,Urban
Existing,51.88459999793839,-8.463999993653283,N/A,N/A,N/A,32.0,43.0,N/A,1.0,Urban
Optimized,51.88459999793839,-8.463999993653283,N/A,N/A,N/A,32.0,43.0,145.99,1.2908538818359374,Urban
Existing,51.84369999789566,-8.481499993680547,N/A,N/A,N/A,32.0,43.0,N/A,1.0,Urban
Optimized,51.84369999789566,-8.481499993680547,N/A,N/A,N/A,32.0,43.0,145.99,1.2908538818359374,Urban
Existing,51.70459999775014,-8.513499993744976,N/A,N/A,N/A,32.0,43.0,N/A,1.0,Urban
Optimized,51.70459999775014,-8.513499993744976,N/A,N/A,N/A,32.0,43.0,145.99,1.2908538818359374,Urban
Existing,51.76479999781606,-8.65639999387856,N/A,N/A,N/A,32.0,43.0,N/A,1.0,Urban
Optimized,51.76479999781606,-8.65639999387856,N/A,N/A,N/A,32.0,43.0,145.99,1.2908538818359374,Urban
Existing,51.76629999781789,-8.669999993892283,N/A,N/A,N/A,32.0,43.0,N/A,1.0,Urban
Optimized,51.76629999781789,-8.669999993892283,N/A,N/A,N/A,32.0,43.0,145.99,1.2908538818359374,Urban
Existing,51.7458999977976,-8.733599993962557,N/A,N/A,N/A,32.0,43.0,N/A,1.0,Urban
Optimized,51.7458999977976,-8.733599993962557,N/A,N/A,N/A,32.0,43.0,145.99,1.2908538818359374,Urban
Existing,51.893599997948215,-8.478299993665996,N/A,N/A,N/A,32.0,43.0,N/A,1.0,Urban
Optimized,51.893599997948215,-8.478299993665996,N/A,N/A,N/A,32.0,43.0,145.99,1.2908538818359374,Urban
Existing,51.897399997952135,-8.474699993661424,N/A,N/A,N/A,32.0,43.0,N/A,1.0,Urban
Optimized,51.897399997952135,-8.474699993661424,N/A,N/A,N/A,32.0,43.0,145.99,1.2908538818359374,Urban
Existing,51.82759999787696,-8.395999993596373,N/A,N/A,N/A,32.0,43.0,N/A,1.267,Urban
Optimized,51.82759999787696,-8.395999993596373,N/A,N/A,N/A,32.0,43.0,145.99,1.2908538818359374,Urban
Existing,52.13359999819753,-8.278199993405249,N/A,N/A,N/A,32.0,43.0,N/A,1.0,Urban
Optimized,52.13359999819753,-8.278199993405249,N/A,N/A,N/A,32.0,43.0,145.99,1.2908538818359374,Urban
Existing,52.1375999982019,-8.283199993409498,N/A,N/A,N/A,32.0,43.0,N/A,1.0,Urban
Optimized,52.1375999982019,-8.283199993409498,N/A,N/A,N/A,32.0,43.0,145.99,1.2908538818359374,Urban
Existing,52.140899998205455,-8.284799993410402,N/A,N/A,N/A,32.0,43.0,N/A,1.0,Urban
Optimized,52.140899998205455,-8.284799993410402,N/A,N/A,N/A,32.0,43.0,145.99,1.2908538818359374,Urban
Existing,52.13879999820297,-8.276099993401898,N/A,N/A,N/A,32.0,43.0,N/A,1.0,Urban
Optimized,52.13879999820297,-8.276099993401898,N/A,N/A,N/A,32.0,43.0,145.99,1.2908538818359374,Urban
Existing,52.13069999819456,-8.282399993410248,N/A,N/A,N/A,32.0,43.0,N/A,1.0,Urban
Optimized,52.13069999819456,-8.282399993410248,N/A,N/A,N/A,32.0,43.0,145.99,1.2908538818359374,Urban
Existing,51.875099997928196,-8.454399993645547,N/A,N/A,N/A,32.0,43.0,N/A,1.0,Urban
Optimized,51.875099997928196,-8.454399993645547,N/A,N/A,N/A,32.0,43.0,145.99,1.2908538818359374,Urban
Existing,51.87699999792991,-8.439999993630293,N/A,N/A,N/A,32.0,43.0,N/A,1.0,Urban
Optimized,51.87699999792991,-8.439999993630293,N/A,N/A,N/A,32.0,43.0,145.99,1.2908538818359374,Urban
Existing,52.127199998190896,-8.28469999341341,N/A,N/A,N/A,32.0,43.0,N/A,1.0,Urban
Optimized,52.127199998190896,-8.28469999341341,N/A,N/A,N/A,32.0,43.0,145.99,1.2908538818359374,Urban
Existing,52.136499998200556,-8.276199993402521,N/A,N/A,N/A,32.0,43.0,N/A,1.0,Urban
Optimized,52.136499998200556,-8.276199993402521,N/A,N/A,N/A,32.0,43.0,145.99,1.2908538818359374,Urban
Existing,51.87809999792869,-8.331099993518214,N/A,N/A,N/A,32.0,43.0,N/A,1.0,Urban
Optimized,51.87809999792869,-8.331099993518214,N/A,N/A,N/A,32.0,43.0,145.99,1.2908538818359374,Urban
Existing,52.314199998390094,-8.288199993374866,N/A,N/A,N/A,32.0,43.0,N/A,1.0,Urban
Optimized,52.314199998390094,-8.288199993374866,N/A,N/A,N/A,32.0,43.0,145.99,1.2908538818359374,Urban
Existing,52.08929999814946,-8.234799993370673,N/A,N/A,N/A,32.0,43.0,N/A,1.0,Urban
Optimized,52.08929999814946,-8.234799993370673,N/A,N/A,N/A,32.0,43.0,145.99,1.2908538818359374,Urban
Existing,52.157599998227376,-8.448199993575923,N/A,N/A,N/A,32.0,43.0,N/A,1.836,Urban
Optimized,52.157599998227376,-8.448199993575923,N/A,N/A,N/A,32.0,43.0,145.99,1.2908538818359374,Urban
Existing,52.15849999822857,-8.45799999358591,N/A,N/A,N/A,32.0,43.0,N/A,1.0,Urban
Optimized,52.15849999822857,-8.45799999358591,N/A,N/A,N/A,32.0,43.0,145.99,1.2908538818359374,Urban
Existing,52.159399998229574,-8.459399993587173,N/A,N/A,N/A,32.0,43.0,N/A,1.0,Urban
Optimized,52.159399998229574,-8.459399993587173,N/A,N/A,N/A,32.0,43.0,145.99,1.2908538818359374,Urban
Existing,52.15249999822175,-8.43989999356843,N/A,N/A,N/A,32.0,43.0,N/A,1.0,Urban
Optimized,52.15249999822175,-8.43989999356843,N/A,N/A,N/A,32.0,43.0,145.99,1.2908538818359374,Urban
Existing,52.14649999821494,-8.423999993553247,N/A,N/A,N/A,32.0,43.0,N/A,1.0,Urban
Optimized,52.14649999821494,-8.423999993553247,N/A,N/A,N/A,32.0,43.0,145.99,1.2908538818359374,Urban
Existing,52.14589999821398,-8.410899993539784,N/A,N/A,N/A,32.0,43.0,N/A,1.0,Urban
Optimized,52.14589999821398,-8.410899993539784,N/A,N/A,N/A,32.0,43.0,145.99,1.2908538818359374,Urban
Existing,52.14329999821035,-8.376399993504599,N/A,N/A,N/A,32.0,43.0,N/A,2.458,Urban
Optimized,52.14329999821035,-8.376399993504599,N/A,N/A,N/A,32.0,43.0,145.99,1.2908538818359374,Urban
Existing,52.145099998212814,-8.398299993526892,N/A,N/A,N/A,32.0,43.0,N/A,1.0,Urban
Optimized,52.145099998212814,-8.398299993526892,N/A,N/A,N/A,32.0,43.0,145.99,1.2908538818359374,Urban
Existing,52.14149999820676,-8.310799993437122,N/A,N/A,N/A,32.0,43.0,N/A,3.406,Urban
Optimized,52.14149999820676,-8.310799993437122,N/A,N/A,N/A,32.0,43.0,145.99,1.2908538818359374,Urban
Existing,52.14279999820874,-8.333899993460712,N/A,N/A,N/A,32.0,43.0,N/A,1.0,Urban
Optimized,52.14279999820874,-8.333899993460712,N/A,N/A,N/A,32.0,43.0,145.99,1.2908538818359374,Urban
Existing,52.142099998207485,-8.314099993440397,N/A,N/A,N/A,32.0,43.0,N/A,1.0,Urban
Optimized,52.142099998207485,-8.314099993440397,N/A,N/A,N/A,32.0,43.0,145.99,1.2908538818359374,Urban
Existing,52.14169999820693,-8.309199993435424,N/A,N/A,N/A,32.0,43.0,N/A,1.0,Urban
Optimized,52.14169999820693,-8.309199993435424,N/A,N/A,N/A,32.0,43.0,145.99,1.2908538818359374,Urban
Existing,52.13829999820302,-8.296799993423388,N/A,N/A,N/A,32.0,43.0,N/A,1.0,Urban
Optimized,52.13829999820302,-8.296799993423388,N/A,N/A,N/A,32.0,43.0,145.99,1.2908538818359374,Urban
Existing,52.13999999820427,-8.275799993401318,N/A,N/A,N/A,32.0,43.0,N/A,1.0,Urban
Optimized,52.13999999820427,-8.275799993401318,N/A,N/A,N/A,32.0,43.0,145.99,1.2908538818359374,Urban
Existing,52.138699998202796,-8.272599993398314,N/A,N/A,N/A,32.0,43.0,N/A,1.0,Urban
Optimized,52.138699998202796,-8.272599993398314,N/A,N/A,N/A,32.0,43.0,145.99,1.2908538818359374,Urban
Existing,52.13199999819396,-8.205899993331117,N/A,N/A,N/A,32.0,43.0,N/A,1.0,Urban
Optimized,52.13199999819396,-8.205899993331117,N/A,N/A,N/A,32.0,43.0,145.99,1.2908538818359374,Urban
Existing,52.107199998167026,-8.180499993310738,N/A,N/A,N/A,32.0,43.0,N/A,3.745,Urban
Optimized,52.107199998167026,-8.180499993310738,N/A,N/A,N/A,32.0,43.0,145.99,1.2908538818359374,Urban
Existing,52.08769999814609,-8.168699993303148,N/A,N/A,N/A,32.0,43.0,N/A,5.2,Urban
Optimized,52.08769999814609,-8.168699993303148,N/A,N/A,N/A,32.0,43.0,145.99,1.2908538818359374,Urban
Existing,52.10599999816562,-8.175099993305468,N/A,N/A,N/A,32.0,43.0,N/A,2.584,Urban
Optimized,52.10599999816562,-8.175099993305468,N/A,N/A,N/A,32.0,43.0,145.99,1.2908538818359374,Urban
Existing,52.11129999817166,-8.191899993321496,N/A,N/A,N/A,32.0,43.0,N/A,1.0,Urban
Optimized,52.11129999817166,-8.191899993321496,N/A,N/A,N/A,32.0,43.0,145.99,1.2908538818359374,Urban
Existing,52.08839999814602,-8.137599993271097,N/A,N/A,N/A,32.0,43.0,N/A,1.0,Urban
Optimized,52.08839999814602,-8.137599993271097,N/A,N/A,N/A,32.0,43.0,145.99,1.2908538818359374,Urban
Existing,52.089199998146746,-8.133399993266604,N/A,N/A,N/A,32.0,43.0,N/A,1.0,Urban
Optimized,52.089199998146746,-8.133399993266604,N/A,N/A,N/A,32.0,43.0,145.99,1.2908538818359374,Urban
Existing,52.068299998126996,-8.22579999336626,N/A,N/A,N/A,32.0,43.0,N/A,7.496,Urban
Optimized,52.068299998126996,-8.22579999336626,N/A,N/A,N/A,32.0,43.0,145.99,1.2908538818359374,Urban
Existing,52.07179999813019,-8.205299993344397,N/A,N/A,N/A,32.0,43.0,N/A,1.0,Urban
Optimized,52.07179999813019,-8.205299993344397,N/A,N/A,N/A,32.0,43.0,145.99,1.2908538818359374,Urban
Existing,52.07009999812896,-8.22839999336852,N/A,N/A,N/A,32.0,43.0,N/A,2.144,Urban
Optimized,52.07009999812896,-8.22839999336852,N/A,N/A,N/A,32.0,43.0,145.99,1.2908538818359374,Urban
Existing,52.06779999812724,-8.256899993398347,N/A,N/A,N/A,32.0,43.0,N/A,1.651,Urban
Optimized,52.06779999812724,-8.256899993398347,N/A,N/A,N/A,32.0,43.0,145.99,1.2908538818359374,Urban
Existing,52.067499998127225,-8.268799993410665,N/A,N/A,N/A,32.0,43.0,N/A,1.0,Urban
Optimized,52.067499998127225,-8.268799993410665,N/A,N/A,N/A,32.0,43.0,145.99,1.2908538818359374,Urban
Existing,52.068199998128094,-8.274999993416886,N/A,N/A,N/A,32.0,43.0,N/A,1.0,Urban
Optimized,52.068199998128094,-8.274999993416886,N/A,N/A,N/A,32.0,43.0,145.99,1.2908538818359374,Urban
Existing,52.0626999981225,-8.283599993426995,N/A,N/A,N/A,32.0,43.0,N/A,1.0,Urban
Optimized,52.0626999981225,-8.283599993426995,N/A,N/A,N/A,32.0,43.0,145.99,1.2908538818359374,Urban
Existing,52.059799998119644,-8.292299993436616,N/A,N/A,N/A,32.0,43.0,N/A,1.0,Urban
Optimized,52.059799998119644,-8.292299993436616,N/A,N/A,N/A,32.0,43.0,145.99,1.2908538818359374,Urban
Existing,52.047899998107596,-8.315299993463025,N/A,N/A,N/A,32.0,43.0,N/A,1.0,Urban
Optimized,52.047899998107596,-8.315299993463025,N/A,N/A,N/A,32.0,43.0,145.99,1.2908538818359374,Urban
Existing,52.034199998093314,-8.324299993475421,N/A,N/A,N/A,32.0,43.0,N/A,1.0,Urban
Optimized,52.034199998093314,-8.324299993475421,N/A,N/A,N/A,32.0,43.0,145.99,1.2908538818359374,Urban
Existing,52.03139999809039,-8.326199993478017,N/A,N/A,N/A,32.0,43.0,N/A,1.0,Urban
Optimized,52.03139999809039,-8.326199993478017,N/A,N/A,N/A,32.0,43.0,145.99,1.2908538818359374,Urban
Existing,52.03249999809152,-8.324899993476423,N/A,N/A,N/A,32.0,43.0,N/A,1.0,Urban
Optimized,52.03249999809152,-8.324899993476423,N/A,N/A,N/A,32.0,43.0,145.99,1.2908538818359374,Urban
Existing,52.02679999808563,-8.330999993484006,N/A,N/A,N/A,32.0,43.0,N/A,1.0,Urban
Optimized,52.02679999808563,-8.330999993484006,N/A,N/A,N/A,32.0,43.0,145.99,1.2908538818359374,Urban
Existing,52.018099998076536,-8.335899993491036,N/A,N/A,N/A,32.0,43.0,N/A,1.0,Urban
Optimized,52.018099998076536,-8.335899993491036,N/A,N/A,N/A,32.0,43.0,145.99,1.2908538818359374,Urban
Existing,52.01689999807534,-8.338499993493986,N/A,N/A,N/A,32.0,43.0,N/A,1.0,Urban
Optimized,52.01689999807534,-8.338499993493986,N/A,N/A,N/A,32.0,43.0,145.99,1.2908538818359374,Urban
Existing,52.00899999806701,-8.339899993497228,N/A,N/A,N/A,32.0,43.0,N/A,1.0,Urban
Optimized,52.00899999806701,-8.339899993497228,N/A,N/A,N/A,32.0,43.0,145.99,1.2908538818359374,Urban
Existing,51.99269999805017,-8.356799993518344,N/A,N/A,N/A,32.0,43.0,N/A,1.989,Urban
Optimized,51.99269999805017,-8.356799993518344,N/A,N/A,N/A,32.0,43.0,145.99,1.2908538818359374,Urban
Existing,51.966399998022965,-8.382599993550906,N/A,N/A,N/A,32.0,43.0,N/A,1.0,Urban
Optimized,51.966399998022965,-8.382599993550906,N/A,N/A,N/A,32.0,43.0,145.99,1.2908538818359374,Urban
Existing,51.960599998016896,-8.38609999355583,N/A,N/A,N/A,32.0,43.0,N/A,1.0,Urban
Optimized,51.960599998016896,-8.38609999355583,N/A,N/A,N/A,32.0,43.0,145.99,1.2908538818359374,Urban
Existing,51.94919999800494,-8.389399993561813,N/A,N/A,N/A,32.0,43.0,N/A,1.083,Urban
Optimized,51.94919999800494,-8.389399993561813,N/A,N/A,N/A,32.0,43.0,145.99,1.2908538818359374,Urban
Existing,51.931099997985605,-8.379299993555543,N/A,N/A,N/A,32.0,43.0,N/A,1.267,Urban
Optimized,51.931099997985605,-8.379299993555543,N/A,N/A,N/A,32.0,43.0,145.99,1.2908538818359374,Urban
Existing,51.91509999796879,-8.38169999356166,N/A,N/A,N/A,32.0,43.0,N/A,1.0,Urban
Optimized,51.91509999796879,-8.38169999356166,N/A,N/A,N/A,32.0,43.0,145.99,1.2908538818359374,Urban
Existing,51.90929999796268,-8.382199993563496,N/A,N/A,N/A,32.0,43.0,N/A,1.0,Urban
Optimized,51.90929999796268,-8.382199993563496,N/A,N/A,N/A,32.0,43.0,145.99,1.2908538818359374,Urban
Existing,51.907899997961245,-8.384199993565874,N/A,N/A,N/A,32.0,43.0,N/A,1.0,Urban
Optimized,51.907899997961245,-8.384199993565874,N/A,N/A,N/A,32.0,43.0,145.99,1.2908538818359374,Urban
Existing,51.902299997955474,-8.390099993573218,N/A,N/A,N/A,32.0,43.0,N/A,1.0,Urban
Optimized,51.902299997955474,-8.390099993573218,N/A,N/A,N/A,32.0,43.0,145.99,1.2908538818359374,Urban
Existing,51.8906999979433,-8.391199993576997,N/A,N/A,N/A,32.0,43.0,N/A,1.0,Urban
Optimized,51.8906999979433,-8.391199993576997,N/A,N/A,N/A,32.0,43.0,145.99,1.2908538818359374,Urban
Existing,51.88029999793305,-8.425399993614525,N/A,N/A,N/A,32.0,43.0,N/A,1.0,Urban
Optimized,51.88029999793305,-8.425399993614525,N/A,N/A,N/A,32.0,43.0,145.99,1.2908538818359374,Urban
Existing,51.87999999793282,-8.429299993618601,N/A,N/A,N/A,32.0,43.0,N/A,1.0,Urban
Optimized,51.87999999793282,-8.429299993618601,N/A,N/A,N/A,32.0,43.0,145.99,1.2908538818359374,Urban
Existing,51.90219999795695,-8.461999993647249,N/A,N/A,N/A,32.0,43.0,N/A,1.0,Urban
Optimized,51.90219999795695,-8.461999993647249,N/A,N/A,N/A,32.0,43.0,145.99,1.2908538818359374,Urban
Existing,51.90289999795725,-8.442399993626893,N/A,N/A,N/A,32.0,43.0,N/A,1.0,Urban
Optimized,51.90289999795725,-8.442399993626893,N/A,N/A,N/A,32.0,43.0,145.99,1.2908538818359374,Urban
Existing,51.9025999979568,-8.43659999362099,N/A,N/A,N/A,32.0,43.0,N/A,1.0,Urban
Optimized,51.9025999979568,-8.43659999362099,N/A,N/A,N/A,32.0,43.0,145.99,1.2908538818359374,Urban
Existing,51.90669999796025,-8.396699993578999,N/A,N/A,N/A,32.0,43.0,N/A,1.0,Urban
Optimized,51.90669999796025,-8.396699993578999,N/A,N/A,N/A,32.0,43.0,145.99,1.2908538818359374,Urban
Existing,51.908099997961465,-8.384199993565826,N/A,N/A,N/A,32.0,43.0,N/A,1.0,Urban
Optimized,51.908099997961465,-8.384199993565826,N/A,N/A,N/A,32.0,43.0,145.99,1.2908538818359374,Urban
Existing,51.91089999796435,-8.381099993562,N/A,N/A,N/A,32.0,43.0,N/A,1.0,Urban
Optimized,51.91089999796435,-8.381099993562,N/A,N/A,N/A,32.0,43.0,145.99,1.2908538818359374,Urban
Existing,51.92009999797411,-8.38389999356278,N/A,N/A,N/A,32.0,43.0,N/A,1.0,Urban
Optimized,51.92009999797411,-8.38389999356278,N/A,N/A,N/A,32.0,43.0,145.99,1.2908538818359374,Urban
Existing,51.924699997978905,-8.380899993558646,N/A,N/A,N/A,32.0,43.0,N/A,1.0,Urban
Optimized,51.924699997978905,-8.380899993558646,N/A,N/A,N/A,32.0,43.0,145.99,1.2908538818359374,Urban
Existing,51.93229999798679,-8.37529999355115,N/A,N/A,N/A,32.0,43.0,N/A,1.0,Urban
Optimized,51.93229999798679,-8.37529999355115,N/A,N/A,N/A,32.0,43.0,145.99,1.2908538818359374,Urban
Existing,51.94579999800141,-8.391899993565158,N/A,N/A,N/A,32.0,43.0,N/A,1.0,Urban
Optimized,51.94579999800141,-8.391899993565158,N/A,N/A,N/A,32.0,43.0,145.99,1.2908538818359374,Urban
Existing,52.129999998193725,-8.278999993406893,N/A,N/A,N/A,32.0,43.0,N/A,1.0,Urban
Optimized,52.129999998193725,-8.278999993406893,N/A,N/A,N/A,32.0,43.0,145.99,1.2908538818359374,Urban
Existing,51.860699997905776,-8.120499993307435,N/A,N/A,N/A,32.0,43.0,N/A,1.0,Urban
Optimized,51.860699997905776,-8.120499993307435,N/A,N/A,N/A,32.0,43.0,145.99,1.2908538818359374,Urban
Existing,51.580399997627744,-8.974499994248003,N/A,N/A,N/A,32.0,43.0,N/A,1.0,Urban
Optimized,51.580399997627744,-8.974499994248003,N/A,N/A,N/A,32.0,43.0,145.99,1.2908538818359374,Urban
Existing,51.53179999757924,-9.141599994432005,N/A,N/A,N/A,32.0,43.0,N/A,1.0,Urban
Optimized,51.53179999757924,-9.141599994432005,N/A,N/A,N/A,32.0,43.0,145.99,1.2908538818359374,Urban
Existing,51.50699999755427,-9.217599994516371,N/A,N/A,N/A,32.0,43.0,N/A,1.0,Urban
Optimized,51.50699999755427,-9.217599994516371,N/A,N/A,N/A,32.0,43.0,145.99,1.2908538818359374,Urban
Existing,51.48799999754071,-9.724199995052926,N/A,N/A,N/A,32.0,43.0,N/A,1.0,Urban
Optimized,51.48799999754071,-9.724199995052926,N/A,N/A,N/A,32.0,43.0,145.99,1.2908538818359374,Urban
Existing,52.29749999836931,-8.183999993270653,N/A,N/A,N/A,32.0,43.0,N/A,1.0,Urban
Optimized,52.29749999836931,-8.183999993270653,N/A,N/A,N/A,32.0,43.0,145.99,1.2908538818359374,Urban
Existing,52.11929999818217,-8.27129999340139,N/A,N/A,N/A,32.0,43.0,N/A,1.0,Urban
Optimized,52.11929999818217,-8.27129999340139,N/A,N/A,N/A,32.0,43.0,145.99,1.2908538818359374,Urban
Existing,52.00199999805982,-8.348699993507886,N/A,N/A,N/A,32.0,43.0,N/A,1.0,Urban
Optimized,52.00199999805982,-8.348699993507886,N/A,N/A,N/A,32.0,43.0,145.99,1.2908538818359374,Urban
Existing,51.89729999794926,-8.346899993529993,N/A,N/A,N/A,32.0,43.0,N/A,1.0,Urban
Optimized,51.89729999794926,-8.346899993529993,N/A,N/A,N/A,32.0,43.0,145.99,1.2908538818359374,Urban
Existing,51.87339999792335,-8.313699993501475,N/A,N/A,N/A,32.0,43.0,N/A,1.0,Urban
Optimized,51.87339999792335,-8.313699993501475,N/A,N/A,N/A,32.0,43.0,145.99,1.2908538818359374,Urban
Existing,51.96459999801849,-8.271599993437228,N/A,N/A,N/A,32.0,43.0,N/A,1.0,Urban
Optimized,51.96459999801849,-8.271599993437228,N/A,N/A,N/A,32.0,43.0,145.99,1.2908538818359374,Urban
Existing,52.140799998205104,-8.275599993400926,N/A,N/A,N/A,32.0,43.0,N/A,1.0,Urban
Optimized,52.140799998205104,-8.275599993400926,N/A,N/A,N/A,32.0,43.0,145.99,1.2908538818359374,Urban
Existing,52.13599999820012,-8.279699993406252,N/A,N/A,N/A,32.0,43.0,N/A,1.0,Urban
Optimized,52.13599999820012,-8.279699993406252,N/A,N/A,N/A,32.0,43.0,145.99,1.2908538818359374,Urban
Existing,51.89369999794949,-8.532699993722112,N/A,N/A,N/A,32.0,43.0,N/A,1.0,Urban
Optimized,51.89369999794949,-8.532699993722112,N/A,N/A,N/A,32.0,43.0,145.99,1.2908538818359374,Urban
Existing,51.89549999795122,-8.525099993713862,N/A,N/A,N/A,32.0,43.0,N/A,1.0,Urban
Optimized,51.89549999795122,-8.525099993713862,N/A,N/A,N/A,32.0,43.0,145.99,1.2908538818359374,Urban
Existing,52.091299998152756,-8.282099993418914,N/A,N/A,N/A,32.0,43.0,N/A,1.0,Urban
Optimized,52.091299998152756,-8.282099993418914,N/A,N/A,N/A,32.0,43.0,145.99,1.2908538818359374,Urban
Existing,52.23119999830142,-8.282699993387793,N/A,N/A,N/A,32.0,43.0,N/A,1.0,Urban
Optimized,52.23119999830142,-8.282699993387793,N/A,N/A,N/A,32.0,43.0,145.99,1.2908538818359374,Urban
Existing,52.38889999845922,-7.930999992988865,N/A,N/A,N/A,32.0,43.0,N/A,1.0,Urban
Optimized,52.38889999845922,-7.930999992988865,N/A,N/A,N/A,32.0,43.0,145.99,1.2908538818359374,Urban
Existing,52.15339999822489,-8.527099993658972,N/A,N/A,N/A,32.0,43.0,N/A,1.0,Urban
Optimized,52.15339999822489,-8.527099993658972,N/A,N/A,N/A,32.0,43.0,145.99,1.2908538818359374,Urban
Existing,52.11979999819248,-8.66649999381181,N/A,N/A,N/A,32.0,43.0,N/A,1.0,Urban
Optimized,52.11979999819248,-8.66649999381181,N/A,N/A,N/A,32.0,43.0,145.99,1.2908538818359374,Urban
Existing,52.212999998300006,-8.994599994138326,N/A,N/A,N/A,32.0,43.0,N/A,1.0,Urban
Optimized,52.212999998300006,-8.994599994138326,N/A,N/A,N/A,32.0,43.0,145.99,1.2908538818359374,Urban
Existing,52.21319999830022,-8.993999994137647,N/A,N/A,N/A,32.0,43.0,N/A,1.0,Urban
Optimized,52.21319999830022,-8.993999994137647,N/A,N/A,N/A,32.0,43.0,145.99,1.2908538818359374,Urban
Existing,52.21469999830181,-8.99359999413692,N/A,N/A,N/A,32.0,43.0,N/A,1.0,Urban
Optimized,52.21469999830181,-8.99359999413692,N/A,N/A,N/A,32.0,43.0,145.99,1.2908538818359374,Urban
Existing,52.21189999829862,-8.985999994129413,N/A,N/A,N/A,32.0,43.0,N/A,1.0,Urban
Optimized,52.21189999829862,-8.985999994129413,N/A,N/A,N/A,32.0,43.0,145.99,1.2908538818359374,Urban
Existing,52.14059999822011,-8.898199994050962,N/A,N/A,N/A,32.0,43.0,N/A,1.0,Urban
Optimized,52.14059999822011,-8.898199994050962,N/A,N/A,N/A,32.0,43.0,145.99,1.2908538818359374,Urban
Existing,52.14959999822347,-8.633799993771207,N/A,N/A,N/A,32.0,43.0,N/A,1.0,Urban
Optimized,52.14959999822347,-8.633799993771207,N/A,N/A,N/A,32.0,43.0,145.99,1.2908538818359374,Urban
Existing,52.14819999821268,-8.264499993387787,N/A,N/A,N/A,32.0,43.0,N/A,1.0,Urban
Optimized,52.14819999821268,-8.264499993387787,N/A,N/A,N/A,32.0,43.0,145.99,1.2908538818359374,Urban
Existing,52.11919999818209,-8.272299993402445,N/A,N/A,N/A,32.0,43.0,N/A,1.0,Urban
Optimized,52.11919999818209,-8.272299993402445,N/A,N/A,N/A,32.0,43.0,145.99,1.2908538818359374,Urban
Existing,52.08949999815102,-8.288899993426329,N/A,N/A,N/A,32.0,43.0,N/A,1.0,Urban
Optimized,52.08949999815102,-8.288899993426329,N/A,N/A,N/A,32.0,43.0,145.99,1.2908538818359374,Urban
Existing,51.8483999979016,-8.529099993728536,N/A,N/A,N/A,32.0,43.0,N/A,1.0,Urban
Optimized,51.8483999979016,-8.529099993728536,N/A,N/A,N/A,32.0,43.0,145.99,1.2908538818359374,Urban
Existing,51.74679999779857,-8.734799993963602,N/A,N/A,N/A,32.0,43.0,N/A,1.0,Urban
Optimized,51.74679999779857,-8.734799993963602,N/A,N/A,N/A,32.0,43.0,145.99,1.2908538818359374,Urban
Existing,51.626899997675054,-8.88089999414097,N/A,N/A,N/A,32.0,43.0,N/A,1.0,Urban
Optimized,51.626899997675054,-8.88089999414097,N/A,N/A,N/A,32.0,43.0,145.99,1.2908538818359374,Urban
Existing,51.602499997649204,-8.865099994129881,N/A,N/A,N/A,32.0,43.0,N/A,1.0,Urban
Optimized,51.602499997649204,-8.865099994129881,N/A,N/A,N/A,32.0,43.0,145.99,1.2908538818359374,Urban
Existing,51.61789999766597,-8.904099994166952,N/A,N/A,N/A,32.0,43.0,N/A,1.0,Urban
Optimized,51.61789999766597,-8.904099994166952,N/A,N/A,N/A,32.0,43.0,145.99,1.2908538818359374,Urban
Existing,51.57099999761845,-9.011899994288836,N/A,N/A,N/A,32.0,43.0,N/A,1.0,Urban
Optimized,51.57099999761845,-9.011899994288836,N/A,N/A,N/A,32.0,43.0,145.99,1.2908538818359374,Urban
Existing,51.49409999754269,-9.364599994672743,N/A,N/A,N/A,32.0,43.0,N/A,1.0,Urban
Optimized,51.49409999754269,-9.364599994672743,N/A,N/A,N/A,32.0,43.0,145.99,1.2908538818359374,Urban
Existing,51.48689999753513,-9.365499994675126,N/A,N/A,N/A,32.0,43.0,N/A,1.0,Urban
Optimized,51.48689999753513,-9.365499994675126,N/A,N/A,N/A,32.0,43.0,145.99,1.2908538818359374,Urban
Existing,51.50329999755127,-9.282299994584722,N/A,N/A,N/A,32.0,43.0,N/A,1.0,Urban
Optimized,51.50329999755127,-9.282299994584722,N/A,N/A,N/A,32.0,43.0,145.99,1.2908538818359374,Urban
Existing,51.541399997591675,-9.309999994606041,N/A,N/A,N/A,32.0,43.0,N/A,1.0,Urban
Optimized,51.541399997591675,-9.309999994606041,N/A,N/A,N/A,32.0,43.0,145.99,1.2908538818359374,Urban
Existing,51.59149999763959,-8.986999994258628,N/A,N/A,N/A,32.0,43.0,N/A,1.0,Urban
Optimized,51.59149999763959,-8.986999994258628,N/A,N/A,N/A,32.0,43.0,145.99,1.2908538818359374,Urban
Existing,51.649999997698984,-8.861499994115883,N/A,N/A,N/A,32.0,43.0,N/A,1.0,Urban
Optimized,51.649999997698984,-8.861499994115883,N/A,N/A,N/A,32.0,43.0,145.99,1.2908538818359374,Urban
Existing,51.8301999978825,-8.532999993736636,N/A,N/A,N/A,32.0,43.0,N/A,1.0,Urban
Optimized,51.8301999978825,-8.532999993736636,N/A,N/A,N/A,32.0,43.0,145.99,1.2908538818359374,Urban
Existing,52.0759999981365,-8.280199993420451,N/A,N/A,N/A,32.0,43.0,N/A,1.0,Urban
Optimized,52.0759999981365,-8.280199993420451,N/A,N/A,N/A,32.0,43.0,145.99,1.2908538818359374,Urban
Existing,51.89369999794976,-8.54659999373648,N/A,N/A,N/A,32.0,43.0,N/A,1.0,Urban
Optimized,51.89369999794976,-8.54659999373648,N/A,N/A,N/A,32.0,43.0,145.99,1.2908538818359374,Urban
Existing,51.903799997959176,-8.487999993673698,N/A,N/A,N/A,32.0,43.0,N/A,1.0,Urban
Optimized,51.903799997959176,-8.487999993673698,N/A,N/A,N/A,32.0,43.0,145.99,1.2908538818359374,Urban
Existing,51.92549999798013,-8.398799993576876,N/A,N/A,N/A,32.0,43.0,N/A,1.0,Urban
Optimized,51.92549999798013,-8.398799993576876,N/A,N/A,N/A,32.0,43.0,145.99,1.2908538818359374,Urban
Existing,52.068499998129084,-8.301799993444416,N/A,N/A,N/A,32.0,43.0,N/A,1.0,Urban
Optimized,52.068499998129084,-8.301799993444416,N/A,N/A,N/A,32.0,43.0,145.99,1.2908538818359374,Urban
Existing,51.872999997927494,-8.526699993720545,N/A,N/A,N/A,32.0,43.0,N/A,1.0,Urban
Optimized,51.872999997927494,-8.526699993720545,N/A,N/A,N/A,32.0,43.0,145.99,1.2908538818359374,Urban
Existing,51.53139999758422,-9.541099994851072,N/A,N/A,N/A,32.0,43.0,N/A,1.0,Urban
Optimized,51.53139999758422,-9.541099994851072,N/A,N/A,N/A,32.0,43.0,145.99,1.2908538818359374,Urban
Existing,51.53069999758346,-9.539599994849626,N/A,N/A,N/A,32.0,43.0,N/A,1.0,Urban
Optimized,51.53069999758346,-9.539599994849626,N/A,N/A,N/A,32.0,43.0,145.99,1.2908538818359374,Urban
Existing,51.437899997485395,-9.502099994828148,N/A,N/A,N/A,32.0,43.0,N/A,1.0,Urban
Optimized,51.437899997485395,-9.502099994828148,N/A,N/A,N/A,32.0,43.0,145.99,1.2908538818359374,Urban
Existing,51.46749999751952,-9.758899995093513,N/A,N/A,N/A,32.0,43.0,N/A,1.0,Urban
Optimized,51.46749999751952,-9.758899995093513,N/A,N/A,N/A,32.0,43.0,145.99,1.2908538818359374,Urban
Existing,51.52779999758181,-9.650599994967514,N/A,N/A,N/A,32.0,43.0,N/A,1.0,Urban
Optimized,51.52779999758181,-9.650599994967514,N/A,N/A,N/A,32.0,43.0,145.99,1.2908538818359374,Urban
Existing,51.55139999760162,-9.269199994561278,N/A,N/A,N/A,32.0,43.0,N/A,1.0,Urban
Optimized,51.55139999760162,-9.269199994561278,N/A,N/A,N/A,32.0,43.0,145.99,1.2908538818359374,Urban
Existing,51.76689999781861,-8.674499993896802,N/A,N/A,N/A,32.0,43.0,N/A,1.0,Urban
Optimized,51.76689999781861,-8.674499993896802,N/A,N/A,N/A,32.0,43.0,145.99,1.2908538818359374,Urban
Existing,51.920999997975116,-8.386099993564839,N/A,N/A,N/A,32.0,43.0,N/A,1.0,Urban
Optimized,51.920999997975116,-8.386099993564839,N/A,N/A,N/A,32.0,43.0,145.99,1.2908538818359374,Urban
Existing,52.11749999818035,-8.274799993405416,N/A,N/A,N/A,32.0,43.0,N/A,1.0,Urban
Optimized,52.11749999818035,-8.274799993405416,N/A,N/A,N/A,32.0,43.0,145.99,1.2908538818359374,Urban
Existing,51.90419999795736,-8.385099993567644,N/A,N/A,N/A,32.0,43.0,N/A,1.0,Urban
Optimized,51.90419999795736,-8.385099993567644,N/A,N/A,N/A,32.0,43.0,145.99,1.2908538818359374,Urban
Existing,51.89549999795016,-8.475799993662985,N/A,N/A,N/A,32.0,43.0,N/A,1.0,Urban
Optimized,51.89549999795016,-8.475799993662985,N/A,N/A,N/A,32.0,43.0,145.99,1.2908538818359374,Urban
Existing,51.89669999795134,-8.471899993658694,N/A,N/A,N/A,32.0,43.0,N/A,1.0,Urban
Optimized,51.89669999795134,-8.471899993658694,N/A,N/A,N/A,32.0,43.0,145.99,1.2908538818359374,Urban
Existing,51.91059999796603,-8.473199993656904,N/A,N/A,N/A,32.0,43.0,N/A,1.0,Urban
Optimized,51.91059999796603,-8.473199993656904,N/A,N/A,N/A,32.0,43.0,145.99,1.2908538818359374,Urban
Existing,51.8968999979518,-8.483299993670403,N/A,N/A,N/A,32.0,43.0,N/A,1.0,Urban
Optimized,51.8968999979518,-8.483299993670403,N/A,N/A,N/A,32.0,43.0,145.99,1.2908538818359374,Urban
Existing,51.89969999795441,-8.46709999365307,N/A,N/A,N/A,32.0,43.0,N/A,1.0,Urban
Optimized,51.89969999795441,-8.46709999365307,N/A,N/A,N/A,32.0,43.0,145.99,1.2908538818359374,Urban
Existing,51.891399997947914,-8.574399993765743,N/A,N/A,N/A,32.0,43.0,N/A,1.0,Urban
Optimized,51.891399997947914,-8.574399993765743,N/A,N/A,N/A,32.0,43.0,145.99,1.2908538818359374,Urban
Existing,51.89829999795124,-8.389799993573817,N/A,N/A,N/A,32.0,43.0,N/A,1.0,Urban
Optimized,51.89829999795124,-8.389799993573817,N/A,N/A,N/A,32.0,43.0,145.99,1.2908538818359374,Urban
Existing,51.8487999979011,-8.484999993682996,N/A,N/A,N/A,32.0,43.0,N/A,1.0,Urban
Optimized,51.8487999979011,-8.484999993682996,N/A,N/A,N/A,32.0,43.0,145.99,1.2908538818359374,Urban
Existing,51.855899997908836,-8.49609999369283,N/A,N/A,N/A,32.0,43.0,N/A,1.0,Urban
Optimized,51.855899997908836,-8.49609999369283,N/A,N/A,N/A,32.0,43.0,145.99,1.2908538818359374,Urban
Existing,51.80959999785991,-8.487899993694846,N/A,N/A,N/A,32.0,43.0,N/A,1.0,Urban
Optimized,51.80959999785991,-8.487899993694846,N/A,N/A,N/A,32.0,43.0,145.99,1.2908538818359374,Urban
Existing,51.84979999790224,-8.488499993686373,N/A,N/A,N/A,32.0,43.0,N/A,1.0,Urban
Optimized,51.84979999790224,-8.488499993686373,N/A,N/A,N/A,32.0,43.0,145.99,1.2908538818359374,Urban
Existing,51.849999997902344,-8.483399993681077,N/A,N/A,N/A,32.0,43.0,N/A,1.0,Urban
Optimized,51.849999997902344,-8.483399993681077,N/A,N/A,N/A,32.0,43.0,145.99,1.2908538818359374,Urban
Existing,51.88829999794086,-8.397599993584118,N/A,N/A,N/A,32.0,43.0,N/A,1.0,Urban
Optimized,51.88829999794086,-8.397599993584118,N/A,N/A,N/A,32.0,43.0,145.99,1.2908538818359374,Urban
Existing,51.87879999793118,-8.412299993601392,N/A,N/A,N/A,32.0,43.0,N/A,1.0,Urban
Optimized,51.87879999793118,-8.412299993601392,N/A,N/A,N/A,32.0,43.0,145.99,1.2908538818359374,Urban
Existing,51.849699997902114,-8.487999993685888,N/A,N/A,N/A,32.0,43.0,N/A,1.0,Urban
Optimized,51.849699997902114,-8.487999993685888,N/A,N/A,N/A,32.0,43.0,145.99,1.2908538818359374,Urban
Existing,51.699599997745025,-8.519999993752775,N/A,N/A,N/A,32.0,43.0,N/A,1.0,Urban
Optimized,51.699599997745025,-8.519999993752775,N/A,N/A,N/A,32.0,43.0,145.99,1.2908538818359374,Urban
Existing,51.70399999774951,-8.513999993745621,N/A,N/A,N/A,32.0,43.0,N/A,1.157,Urban
Optimized,51.70399999774951,-8.513999993745621,N/A,N/A,N/A,32.0,43.0,145.99,1.2908538818359374,Urban
Existing,51.77149999781994,-8.492999993708727,N/A,N/A,N/A,32.0,43.0,N/A,1.0,Urban
Optimized,51.77149999781994,-8.492999993708727,N/A,N/A,N/A,32.0,43.0,145.99,1.2908538818359374,Urban
Existing,52.24949999832061,-8.270999993371559,N/A,N/A,N/A,32.0,43.0,N/A,1.0,Urban
Optimized,52.24949999832061,-8.270999993371559,N/A,N/A,N/A,32.0,43.0,145.99,1.2908538818359374,Urban
Existing,52.13489999819894,-8.278999993405774,N/A,N/A,N/A,32.0,43.0,N/A,1.0,Urban
Optimized,52.13489999819894,-8.278999993405774,N/A,N/A,N/A,32.0,43.0,145.99,1.2908538818359374,Urban
Existing,52.13499999819902,-8.278199993404929,N/A,N/A,N/A,32.0,43.0,N/A,1.0,Urban
Optimized,52.13499999819902,-8.278199993404929,N/A,N/A,N/A,32.0,43.0,145.99,1.2908538818359374,Urban
Existing,52.135999998200084,-8.278799993405322,N/A,N/A,N/A,32.0,43.0,N/A,1.0,Urban
Optimized,52.135999998200084,-8.278799993405322,N/A,N/A,N/A,32.0,43.0,145.99,1.2908538818359374,Urban
Existing,51.8965999979529,-8.54969999373904,N/A,N/A,N/A,32.0,43.0,N/A,1.0,Urban
Optimized,51.8965999979529,-8.54969999373904,N/A,N/A,N/A,32.0,43.0,145.99,1.2908538818359374,Urban
Existing,51.89289999794565,-8.394699993580089,N/A,N/A,N/A,32.0,43.0,N/A,1.0,Urban
Optimized,51.89289999794565,-8.394699993580089,N/A,N/A,N/A,32.0,43.0,145.99,1.2908538818359374,Urban
Existing,51.844899997897016,-8.485499993684392,N/A,N/A,N/A,32.0,43.0,N/A,1.0,Urban
Optimized,51.844899997897016,-8.485499993684392,N/A,N/A,N/A,32.0,43.0,145.99,1.2908538818359374,Urban
Existing,51.84989999790226,-8.48509999368285,N/A,N/A,N/A,32.0,43.0,N/A,1.0,Urban
Optimized,51.84989999790226,-8.48509999368285,N/A,N/A,N/A,32.0,43.0,145.99,1.2908538818359374,Urban
Existing,51.85059999790302,-8.485099993682693,N/A,N/A,N/A,32.0,43.0,N/A,1.0,Urban
Optimized,51.85059999790302,-8.485099993682693,N/A,N/A,N/A,32.0,43.0,145.99,1.2908538818359374,Urban
Existing,51.85299999790578,-8.496699993694103,N/A,N/A,N/A,32.0,43.0,N/A,1.0,Urban
Optimized,51.85299999790578,-8.496699993694103,N/A,N/A,N/A,32.0,43.0,145.99,1.2908538818359374,Urban
Existing,51.895499997950125,-8.473999993661124,N/A,N/A,N/A,32.0,43.0,N/A,1.0,Urban
Optimized,51.895499997950125,-8.473999993661124,N/A,N/A,N/A,32.0,43.0,145.99,1.2908538818359374,Urban
Existing,51.87429999792768,-8.470599993662406,N/A,N/A,N/A,32.0,43.0,N/A,1.0,Urban
Optimized,51.87429999792768,-8.470599993662406,N/A,N/A,N/A,32.0,43.0,145.99,1.2908538818359374,Urban
Existing,51.96879999802542,-8.378799993546444,N/A,N/A,N/A,32.0,43.0,N/A,1.0,Urban
Optimized,51.96879999802542,-8.378799993546444,N/A,N/A,N/A,32.0,43.0,145.99,1.2908538818359374,Urban
Existing,52.084199998145415,-8.289499993428162,N/A,N/A,N/A,32.0,43.0,N/A,1.0,Urban
Optimized,52.084199998145415,-8.289499993428162,N/A,N/A,N/A,32.0,43.0,145.99,1.2908538818359374,Urban
Existing,51.878499997931264,-8.429999993619665,N/A,N/A,N/A,32.0,43.0,N/A,1.0,Urban
Optimized,51.878499997931264,-8.429999993619665,N/A,N/A,N/A,32.0,43.0,145.99,1.2908538818359374,Urban
Existing,51.885999997940665,-8.501299993691426,N/A,N/A,N/A,32.0,43.0,N/A,1.0,Urban
Optimized,51.885999997940665,-8.501299993691426,N/A,N/A,N/A,32.0,43.0,145.99,1.2908538818359374,Urban
Existing,51.89429999794903,-8.481599993669235,N/A,N/A,N/A,32.0,43.0,N/A,1.0,Urban
Optimized,51.89429999794903,-8.481599993669235,N/A,N/A,N/A,32.0,43.0,145.99,1.2908538818359374,Urban
Existing,51.8938999979486,-8.481999993669739,N/A,N/A,N/A,32.0,43.0,N/A,1.0,Urban
Optimized,51.8938999979486,-8.481999993669739,N/A,N/A,N/A,32.0,43.0,145.99,1.2908538818359374,Urban
Existing,51.90229999795673,-8.448299993633107,N/A,N/A,N/A,32.0,43.0,N/A,1.0,Urban
Optimized,51.90229999795673,-8.448299993633107,N/A,N/A,N/A,32.0,43.0,145.99,1.2908538818359374,Urban
Existing,51.85029999790268,-8.484499993682144,N/A,N/A,N/A,32.0,43.0,N/A,1.0,Urban
Optimized,51.85029999790268,-8.484499993682144,N/A,N/A,N/A,32.0,43.0,145.99,1.2908538818359374,Urban
Existing,51.85249999790154,-8.321199993513996,N/A,N/A,N/A,32.0,43.0,N/A,1.0,Urban
Optimized,51.85249999790154,-8.321199993513996,N/A,N/A,N/A,32.0,43.0,145.99,1.2908538818359374,Urban
Existing,51.46669999751879,-9.769699995105112,N/A,N/A,N/A,32.0,43.0,N/A,1.0,Urban
Optimized,51.46669999751879,-9.769699995105112,N/A,N/A,N/A,32.0,43.0,145.99,1.2908538818359374,Urban
Existing,52.01109999806923,-8.339299993496134,N/A,N/A,N/A,32.0,43.0,N/A,1.0,Urban
Optimized,52.01109999806923,-8.339299993496134,N/A,N/A,N/A,32.0,43.0,145.99,1.2908538818359374,Urban
Existing,51.88189999793486,-8.431399993620332,N/A,N/A,N/A,32.0,43.0,N/A,1.0,Urban
Optimized,51.88189999793486,-8.431399993620332,N/A,N/A,N/A,32.0,43.0,145.99,1.2908538818359374,Urban
Existing,51.89679999795147,-8.473199993660016,N/A,N/A,N/A,32.0,43.0,N/A,1.0,Urban
Optimized,51.89679999795147,-8.473199993660016,N/A,N/A,N/A,32.0,43.0,145.99,1.2908538818359374,Urban
Existing,51.879499997933856,-8.50379999369546,N/A,N/A,N/A,32.0,43.0,N/A,1.0,Urban
Optimized,51.879499997933856,-8.50379999369546,N/A,N/A,N/A,32.0,43.0,145.99,1.2908538818359374,Urban
Existing,51.91479999796856,-8.386299993566453,N/A,N/A,N/A,32.0,43.0,N/A,1.0,Urban
Optimized,51.91479999796856,-8.386299993566453,N/A,N/A,N/A,32.0,43.0,145.99,1.2908538818359374,Urban
Existing,52.16489999823046,-8.265899993385435,N/A,N/A,N/A,32.0,43.0,N/A,1.0,Urban
Optimized,52.16489999823046,-8.265899993385435,N/A,N/A,N/A,32.0,43.0,145.99,1.2908538818359374,Urban
Existing,52.15009999821502,-8.277799993401084,N/A,N/A,N/A,32.0,43.0,N/A,1.0,Urban
Optimized,52.15009999821502,-8.277799993401084,N/A,N/A,N/A,32.0,43.0,145.99,1.2908538818359374,Urban
Existing,52.11919999818207,-8.271299993401415,N/A,N/A,N/A,32.0,43.0,N/A,1.0,Urban
Optimized,52.11919999818207,-8.271299993401415,N/A,N/A,N/A,32.0,43.0,145.99,1.2908538818359374,Urban
Existing,51.9308999979858,-8.397099993573901,N/A,N/A,N/A,32.0,43.0,N/A,1.0,Urban
Optimized,51.9308999979858,-8.397099993573901,N/A,N/A,N/A,32.0,43.0,145.99,1.2908538818359374,Urban
Existing,51.86319999791286,-8.323899993514285,N/A,N/A,N/A,32.0,43.0,N/A,1.0,Urban
Optimized,51.86319999791286,-8.323899993514285,N/A,N/A,N/A,32.0,43.0,145.99,1.2908538818359374,Urban
Existing,51.85299999790406,-8.414299993609337,N/A,N/A,N/A,32.0,43.0,N/A,1.0,Urban
Optimized,51.85299999790406,-8.414299993609337,N/A,N/A,N/A,32.0,43.0,145.99,1.2908538818359374,Urban
Existing,51.81019999785879,-8.402399993606926,N/A,N/A,N/A,32.0,43.0,N/A,1.0,Urban
Optimized,51.81019999785879,-8.402399993606926,N/A,N/A,N/A,32.0,43.0,145.99,1.2908538818359374,Urban
Existing,51.835999997884365,-8.328399993525187,N/A,N/A,N/A,32.0,43.0,N/A,1.0,Urban
Optimized,51.835999997884365,-8.328399993525187,N/A,N/A,N/A,32.0,43.0,145.99,1.2908538818359374,Urban
Existing,51.85059999789957,-8.322999993516275,N/A,N/A,N/A,32.0,43.0,N/A,1.0,Urban
Optimized,51.85059999789957,-8.322999993516275,N/A,N/A,N/A,32.0,43.0,145.99,1.2908538818359374,Urban
Existing,51.86169999791132,-8.325699993516471,N/A,N/A,N/A,32.0,43.0,N/A,1.0,Urban
Optimized,51.86169999791132,-8.325699993516471,N/A,N/A,N/A,32.0,43.0,145.99,1.2908538818359374,Urban
Existing,51.948499998004216,-8.390299993562895,N/A,N/A,N/A,32.0,43.0,N/A,1.0,Urban
Optimized,51.948499998004216,-8.390299993562895,N/A,N/A,N/A,32.0,43.0,145.99,1.2908538818359374,Urban
Existing,52.13949999820353,-8.26769999339307,N/A,N/A,N/A,32.0,43.0,N/A,1.0,Urban
Optimized,52.13949999820353,-8.26769999339307,N/A,N/A,N/A,32.0,43.0,145.99,1.2908538818359374,Urban
Existing,52.16029999822432,-8.21739999333646,N/A,N/A,N/A,32.0,43.0,N/A,1.0,Urban
Optimized,52.16029999822432,-8.21739999333646,N/A,N/A,N/A,32.0,43.0,145.99,1.2908538818359374,Urban
Existing,51.88789999794454,-8.589099993781726,N/A,N/A,N/A,32.0,43.0,N/A,1.0,Urban
Optimized,51.88789999794454,-8.589099993781726,N/A,N/A,N/A,32.0,43.0,145.99,1.2908538818359374,Urban
Existing,51.88629999794292,-8.592599993785704,N/A,N/A,N/A,32.0,43.0,N/A,1.0,Urban
Optimized,51.88629999794292,-8.592599993785704,N/A,N/A,N/A,32.0,43.0,145.99,1.2908538818359374,Urban
Existing,52.138799998202835,-8.270299993395914,N/A,N/A,N/A,32.0,43.0,N/A,1.0,Urban
Optimized,52.138799998202835,-8.270299993395914,N/A,N/A,N/A,32.0,43.0,145.99,1.2908538818359374,Urban
Existing,51.92939999798392,-8.383799993560554,N/A,N/A,N/A,32.0,43.0,N/A,1.0,Urban
Optimized,51.92939999798392,-8.383799993560554,N/A,N/A,N/A,32.0,43.0,145.99,1.2908538818359374,Urban
Existing,51.89069999794715,-8.572699993764141,N/A,N/A,N/A,32.0,43.0,N/A,1.0,Urban
Optimized,51.89069999794715,-8.572699993764141,N/A,N/A,N/A,32.0,43.0,145.99,1.2908538818359374,Urban
Existing,51.901499997956414,-8.473199993658953,N/A,N/A,N/A,32.0,43.0,N/A,1.0,Urban
Optimized,51.901499997956414,-8.473199993658953,N/A,N/A,N/A,32.0,43.0,145.99,1.2908538818359374,Urban
Existing,51.94969999800549,-8.390099993562417,N/A,N/A,N/A,32.0,43.0,N/A,1.0,Urban
Optimized,51.94969999800549,-8.390099993562417,N/A,N/A,N/A,32.0,43.0,145.99,1.2908538818359374,Urban
Existing,51.89469999794907,-8.464099993651107,N/A,N/A,N/A,32.0,43.0,N/A,1.0,Urban
Optimized,51.89469999794907,-8.464099993651107,N/A,N/A,N/A,32.0,43.0,145.99,1.2908538818359374,Urban
Existing,51.93019999798475,-8.382999993559551,N/A,N/A,N/A,32.0,43.0,N/A,1.0,Urban
Optimized,51.93019999798475,-8.382999993559551,N/A,N/A,N/A,32.0,43.0,145.99,1.2908538818359374,Urban
Existing,52.213499998289976,-8.5651999936857,N/A,N/A,N/A,32.0,43.0,N/A,1.0,Urban
Optimized,52.213499998289976,-8.5651999936857,N/A,N/A,N/A,32.0,43.0,145.99,1.2908538818359374,Urban
Existing,52.19279999827031,-8.66289999379246,N/A,N/A,N/A,32.0,43.0,N/A,1.0,Urban
Optimized,52.19279999827031,-8.66289999379246,N/A,N/A,N/A,32.0,43.0,145.99,1.2908538818359374,Urban
Existing,51.86669999791926,-8.45179999364477,N/A,N/A,N/A,32.0,43.0,N/A,1.0,Urban
Optimized,51.86669999791926,-8.45179999364477,N/A,N/A,N/A,32.0,43.0,145.99,1.2908538818359374,Urban
Existing,52.14099999820506,-8.265299993390256,N/A,N/A,N/A,32.0,43.0,N/A,1.0,Urban
Optimized,52.14099999820506,-8.265299993390256,N/A,N/A,N/A,32.0,43.0,145.99,1.2908538818359374,Urban
Existing,52.132699998196784,-8.285899993413402,N/A,N/A,N/A,32.0,43.0,N/A,1.0,Urban
Optimized,52.132699998196784,-8.285899993413402,N/A,N/A,N/A,32.0,43.0,145.99,1.2908538818359374,Urban
Existing,52.13169999819556,-8.279399993406924,N/A,N/A,N/A,32.0,43.0,N/A,1.0,Urban
Optimized,52.13169999819556,-8.279399993406924,N/A,N/A,N/A,32.0,43.0,145.99,1.2908538818359374,Urban
Existing,52.130799998194576,-8.279099993406817,N/A,N/A,N/A,32.0,43.0,N/A,1.0,Urban
Optimized,52.130799998194576,-8.279099993406817,N/A,N/A,N/A,32.0,43.0,145.99,1.2908538818359374,Urban
Existing,51.83009999787815,-8.327599993525737,N/A,N/A,N/A,32.0,43.0,N/A,1.0,Urban
Optimized,51.83009999787815,-8.327599993525737,N/A,N/A,N/A,32.0,43.0,145.99,1.2908538818359374,Urban
Existing,52.11849999818141,-8.273899993404253,N/A,N/A,N/A,32.0,43.0,N/A,1.0,Urban
Optimized,52.11849999818141,-8.273899993404253,N/A,N/A,N/A,32.0,43.0,145.99,1.2908538818359374,Urban
Existing,52.398699998491765,-8.684899993772316,N/A,N/A,N/A,32.0,43.0,N/A,1.0,Urban
Optimized,52.398699998491765,-8.684899993772316,N/A,N/A,N/A,32.0,43.0,145.99,1.2908538818359374,Urban
Existing,52.398699998491765,-8.684899993772316,N/A,N/A,N/A,32.0,43.0,N/A,1.0,Urban
Optimized,52.398699998491765,-8.684899993772316,N/A,N/A,N/A,32.0,43.0,145.99,1.2908538818359374,Urban
Existing,52.398699998491765,-8.684899993772316,N/A,N/A,N/A,32.0,43.0,N/A,1.0,Urban
Optimized,52.398699998491765,-8.684899993772316,N/A,N/A,N/A,32.0,43.0,145.99,1.2908538818359374,Urban
Existing,52.398699998491765,-8.684899993772316,N/A,N/A,N/A,32.0,43.0,N/A,1.0,Urban
Optimized,52.398699998491765,-8.684899993772316,N/A,N/A,N/A,32.0,43.0,145.99,1.2908538818359374,Urban
Existing,52.30109999838678,-8.681199993788804,N/A,N/A,N/A,32.0,43.0,N/A,10.853,Urban
Optimized,52.30109999838678,-8.681199993788804,N/A,N/A,N/A,32.0,43.0,145.99,1.2908538818359374,Urban
Existing,52.20259999828113,-8.67669999380486,N/A,N/A,N/A,32.0,43.0,N/A,1.0,Urban
Optimized,52.20259999828113,-8.67669999380486,N/A,N/A,N/A,32.0,43.0,145.99,1.2908538818359374,Urban
Existing,52.20089999827929,-8.67529999380375,N/A,N/A,N/A,32.0,43.0,N/A,1.0,Urban
Optimized,52.20089999827929,-8.67529999380375,N/A,N/A,N/A,32.0,43.0,145.99,1.2908538818359374,Urban
Existing,52.19899999827722,-8.674299993803109,N/A,N/A,N/A,32.0,43.0,N/A,1.0,Urban
Optimized,52.19899999827722,-8.674299993803109,N/A,N/A,N/A,32.0,43.0,145.99,1.2908538818359374,Urban
Existing,52.19789999827602,-8.673699993802709,N/A,N/A,N/A,32.0,43.0,N/A,1.0,Urban
Optimized,52.19789999827602,-8.673699993802709,N/A,N/A,N/A,32.0,43.0,145.99,1.2908538818359374,Urban
Existing,52.13669999821033,-8.659699993801077,N/A,N/A,N/A,32.0,43.0,N/A,6.867,Urban
Optimized,52.13669999821033,-8.659699993801077,N/A,N/A,N/A,32.0,43.0,145.99,1.2908538818359374,Urban
Existing,52.12029999819278,-8.657899993802703,N/A,N/A,N/A,32.0,43.0,N/A,1.0,Urban
Optimized,52.12029999819278,-8.657899993802703,N/A,N/A,N/A,32.0,43.0,145.99,1.2908538818359374,Urban
Existing,52.12029999819278,-8.657899993802703,N/A,N/A,N/A,32.0,43.0,N/A,1.0,Urban
Optimized,52.12029999819278,-8.657899993802703,N/A,N/A,N/A,32.0,43.0,145.99,1.2908538818359374,Urban
Existing,52.112599998184606,-8.658699993805193,N/A,N/A,N/A,32.0,43.0,N/A,1.0,Urban
Optimized,52.112599998184606,-8.658699993805193,N/A,N/A,N/A,32.0,43.0,145.99,1.2908538818359374,Urban
Existing,52.10349999817476,-8.652599993800766,N/A,N/A,N/A,32.0,43.0,N/A,1.0,Urban
Optimized,52.10349999817476,-8.652599993800766,N/A,N/A,N/A,32.0,43.0,145.99,1.2908538818359374,Urban
Existing,52.09439999816483,-8.642999993792694,N/A,N/A,N/A,32.0,43.0,N/A,1.0,Urban
Optimized,52.09439999816483,-8.642999993792694,N/A,N/A,N/A,32.0,43.0,145.99,1.2908538818359374,Urban
Existing,52.088999998158904,-8.636199993786757,N/A,N/A,N/A,32.0,43.0,N/A,1.0,Urban
Optimized,52.088999998158904,-8.636199993786757,N/A,N/A,N/A,32.0,43.0,145.99,1.2908538818359374,Urban
Existing,52.0834999981529,-8.629299993780743,N/A,N/A,N/A,32.0,43.0,N/A,1.0,Urban
Optimized,52.0834999981529,-8.629299993780743,N/A,N/A,N/A,32.0,43.0,145.99,1.2908538818359374,Urban
Existing,52.08099999815009,-8.622999993774707,N/A,N/A,N/A,32.0,43.0,N/A,1.0,Urban
Optimized,52.08099999815009,-8.622999993774707,N/A,N/A,N/A,32.0,43.0,145.99,1.2908538818359374,Urban
Existing,52.07729999814598,-8.616199993768413,N/A,N/A,N/A,32.0,43.0,N/A,1.0,Urban
Optimized,52.07729999814598,-8.616199993768413,N/A,N/A,N/A,32.0,43.0,145.99,1.2908538818359374,Urban
Existing,52.045299998111744,-8.607899993766711,N/A,N/A,N/A,32.0,43.0,N/A,1.515,Urban
Optimized,52.045299998111744,-8.607899993766711,N/A,N/A,N/A,32.0,43.0,145.99,1.2908538818359374,Urban
Existing,52.03169999809728,-8.606499993768214,N/A,N/A,N/A,32.0,43.0,N/A,1.0,Urban
Optimized,52.03169999809728,-8.606499993768214,N/A,N/A,N/A,32.0,43.0,145.99,1.2908538818359374,Urban
Existing,52.03169999809728,-8.606499993768214,N/A,N/A,N/A,32.0,43.0,N/A,1.0,Urban
Optimized,52.03169999809728,-8.606499993768214,N/A,N/A,N/A,32.0,43.0,145.99,1.2908538818359374,Urban
Existing,52.03169999809728,-8.606499993768214,N/A,N/A,N/A,32.0,43.0,N/A,1.0,Urban
Optimized,52.03169999809728,-8.606499993768214,N/A,N/A,N/A,32.0,43.0,145.99,1.2908538818359374,Urban
Existing,51.93379999799278,-8.574899993756876,N/A,N/A,N/A,32.0,43.0,N/A,1.0,Urban
Optimized,51.93379999799278,-8.574899993756876,N/A,N/A,N/A,32.0,43.0,145.99,1.2908538818359374,Urban
Existing,51.93239999799145,-8.582399993764955,N/A,N/A,N/A,32.0,43.0,N/A,1.0,Urban
Optimized,51.93239999799145,-8.582399993764955,N/A,N/A,N/A,32.0,43.0,145.99,1.2908538818359374,Urban
Existing,51.93239999799145,-8.582399993764955,N/A,N/A,N/A,32.0,43.0,N/A,1.0,Urban
Optimized,51.93239999799145,-8.582399993764955,N/A,N/A,N/A,32.0,43.0,145.99,1.2908538818359374,Urban
Existing,51.905499997962735,-8.569799993757856,N/A,N/A,N/A,32.0,43.0,N/A,3.111,Urban
Optimized,51.905499997962735,-8.569799993757856,N/A,N/A,N/A,32.0,43.0,145.99,1.2908538818359374,Urban
Existing,51.896599997953224,-8.565899993755792,N/A,N/A,N/A,32.0,43.0,N/A,1.0,Urban
Optimized,51.896599997953224,-8.565899993755792,N/A,N/A,N/A,32.0,43.0,145.99,1.2908538818359374,Urban
Existing,51.89629999795289,-8.564499993754412,N/A,N/A,N/A,32.0,43.0,N/A,1.0,Urban
Optimized,51.89629999795289,-8.564499993754412,N/A,N/A,N/A,32.0,43.0,145.99,1.2908538818359374,Urban
Existing,51.89629999795289,-8.564499993754412,N/A,N/A,N/A,32.0,43.0,N/A,1.0,Urban
Optimized,51.89629999795289,-8.564499993754412,N/A,N/A,N/A,32.0,43.0,145.99,1.2908538818359374,Urban
Existing,51.89629999795289,-8.564499993754412,N/A,N/A,N/A,32.0,43.0,N/A,1.0,Urban
Optimized,51.89629999795289,-8.564499993754412,N/A,N/A,N/A,32.0,43.0,145.99,1.2908538818359374,Urban
Existing,51.89629999795289,-8.564499993754412,N/A,N/A,N/A,32.0,43.0,N/A,1.0,Urban
Optimized,51.89629999795289,-8.564499993754412,N/A,N/A,N/A,32.0,43.0,145.99,1.2908538818359374,Urban
Existing,51.89629999795289,-8.564499993754412,N/A,N/A,N/A,32.0,43.0,N/A,1.0,Urban
Optimized,51.89629999795289,-8.564499993754412,N/A,N/A,N/A,32.0,43.0,145.99,1.2908538818359374,Urban
Existing,51.89629999795289,-8.564499993754412,N/A,N/A,N/A,32.0,43.0,N/A,1.0,Urban
Optimized,51.89629999795289,-8.564499993754412,N/A,N/A,N/A,32.0,43.0,145.99,1.2908538818359374,Urban
Existing,51.89629999795289,-8.564499993754412,N/A,N/A,N/A,32.0,43.0,N/A,1.0,Urban
Optimized,51.89629999795289,-8.564499993754412,N/A,N/A,N/A,32.0,43.0,145.99,1.2908538818359374,Urban
Existing,51.71709999776336,-8.51969999374849,N/A,N/A,N/A,32.0,43.0,N/A,4.367,Urban
Optimized,51.71709999776336,-8.51969999374849,N/A,N/A,N/A,32.0,43.0,145.99,1.2908538818359374,Urban
Existing,51.70389999774947,-8.516099993747797,N/A,N/A,N/A,32.0,43.0,N/A,1.234,Urban
Optimized,51.70389999774947,-8.516099993747797,N/A,N/A,N/A,32.0,43.0,145.99,1.2908538818359374,Urban
Existing,51.69909999774434,-8.510299993742947,N/A,N/A,N/A,32.0,43.0,N/A,1.0,Urban
Optimized,51.69909999774434,-8.510299993742947,N/A,N/A,N/A,32.0,43.0,145.99,1.2908538818359374,Urban
Existing,51.70009999774534,-8.508699993741079,N/A,N/A,N/A,32.0,43.0,N/A,1.0,Urban
Optimized,51.70009999774534,-8.508699993741079,N/A,N/A,N/A,32.0,43.0,145.99,1.2908538818359374,Urban
Existing,51.727699997774515,-8.521599993748035,N/A,N/A,N/A,32.0,43.0,N/A,3.194,Urban
Optimized,51.727699997774515,-8.521599993748035,N/A,N/A,N/A,32.0,43.0,145.99,1.2908538818359374,Urban
Existing,51.69389999773902,-8.517999993752026,N/A,N/A,N/A,32.0,43.0,N/A,1.0,Urban
Optimized,51.69389999773902,-8.517999993752026,N/A,N/A,N/A,32.0,43.0,145.99,1.2908538818359374,Urban
Existing,51.69309999773823,-8.520799993755077,N/A,N/A,N/A,32.0,43.0,N/A,1.0,Urban
Optimized,51.69309999773823,-8.520799993755077,N/A,N/A,N/A,32.0,43.0,145.99,1.2908538818359374,Urban
Existing,51.75389999780227,-8.534099993754948,N/A,N/A,N/A,32.0,43.0,N/A,1.0,Urban
Optimized,51.75389999780227,-8.534099993754948,N/A,N/A,N/A,32.0,43.0,145.99,1.2908538818359374,Urban
Existing,51.75529999780374,-8.534599993755144,N/A,N/A,N/A,32.0,43.0,N/A,1.0,Urban
Optimized,51.75529999780374,-8.534599993755144,N/A,N/A,N/A,32.0,43.0,145.99,1.2908538818359374,Urban
Existing,51.75529999780374,-8.534599993755144,N/A,N/A,N/A,32.0,43.0,N/A,1.0,Urban
Optimized,51.75529999780374,-8.534599993755144,N/A,N/A,N/A,32.0,43.0,145.99,1.2908538818359374,Urban
Existing,51.75529999780374,-8.534599993755144,N/A,N/A,N/A,32.0,43.0,N/A,1.0,Urban
Optimized,51.75529999780374,-8.534599993755144,N/A,N/A,N/A,32.0,43.0,145.99,1.2908538818359374,Urban
Existing,51.75529999780374,-8.534599993755144,N/A,N/A,N/A,32.0,43.0,N/A,1.0,Urban
Optimized,51.75529999780374,-8.534599993755144,N/A,N/A,N/A,32.0,43.0,145.99,1.2908538818359374,Urban
Existing,51.75529999780374,-8.534599993755144,N/A,N/A,N/A,32.0,43.0,N/A,1.0,Urban
Optimized,51.75529999780374,-8.534599993755144,N/A,N/A,N/A,32.0,43.0,145.99,1.2908538818359374,Urban
Existing,51.75529999780374,-8.534599993755144,N/A,N/A,N/A,32.0,43.0,N/A,1.0,Urban
Optimized,51.75529999780374,-8.534599993755144,N/A,N/A,N/A,32.0,43.0,145.99,1.2908538818359374,Urban
Existing,51.75529999780374,-8.534599993755144,N/A,N/A,N/A,32.0,43.0,N/A,1.0,Urban
Optimized,51.75529999780374,-8.534599993755144,N/A,N/A,N/A,32.0,43.0,145.99,1.2908538818359374,Urban
Existing,51.75529999780374,-8.534599993755144,N/A,N/A,N/A,32.0,43.0,N/A,1.0,Urban
Optimized,51.75529999780374,-8.534599993755144,N/A,N/A,N/A,32.0,43.0,145.99,1.2908538818359374,Urban
Existing,51.75529999780374,-8.534599993755144,N/A,N/A,N/A,32.0,43.0,N/A,1.0,Urban
Optimized,51.75529999780374,-8.534599993755144,N/A,N/A,N/A,32.0,43.0,145.99,1.2908538818359374,Urban
Existing,51.75529999780374,-8.534599993755144,N/A,N/A,N/A,32.0,43.0,N/A,1.0,Urban
Optimized,51.75529999780374,-8.534599993755144,N/A,N/A,N/A,32.0,43.0,145.99,1.2908538818359374,Urban
Existing,51.75529999780374,-8.534599993755144,N/A,N/A,N/A,32.0,43.0,N/A,1.0,Urban
Optimized,51.75529999780374,-8.534599993755144,N/A,N/A,N/A,32.0,43.0,145.99,1.2908538818359374,Urban
Existing,51.75529999780374,-8.534599993755144,N/A,N/A,N/A,32.0,43.0,N/A,1.0,Urban
Optimized,51.75529999780374,-8.534599993755144,N/A,N/A,N/A,32.0,43.0,145.99,1.2908538818359374,Urban
Existing,51.75529999780374,-8.534599993755144,N/A,N/A,N/A,32.0,43.0,N/A,1.0,Urban
Optimized,51.75529999780374,-8.534599993755144,N/A,N/A,N/A,32.0,43.0,145.99,1.2908538818359374,Urban
Existing,51.75529999780374,-8.534599993755144,N/A,N/A,N/A,32.0,43.0,N/A,1.0,Urban
Optimized,51.75529999780374,-8.534599993755144,N/A,N/A,N/A,32.0,43.0,145.99,1.2908538818359374,Urban
Existing,51.75529999780374,-8.534599993755144,N/A,N/A,N/A,32.0,43.0,N/A,1.0,Urban
Optimized,51.75529999780374,-8.534599993755144,N/A,N/A,N/A,32.0,43.0,145.99,1.2908538818359374,Urban
Existing,51.95699999799737,-7.726199992885872,N/A,N/A,N/A,32.0,43.0,N/A,1.0,Urban
Optimized,51.95699999799737,-7.726199992885872,N/A,N/A,N/A,32.0,43.0,145.99,1.2908538818359374,Urban
Existing,51.752999997797026,-8.315499993531335,N/A,N/A,N/A,32.0,43.0,N/A,1.0,Urban
Optimized,51.752999997797026,-8.315499993531335,N/A,N/A,N/A,32.0,43.0,145.99,1.2908538818359374,Urban
Existing,51.595499997645504,-9.09809999437343,N/A,N/A,N/A,32.0,43.0,N/A,1.0,Urban
Optimized,51.595499997645504,-9.09809999437343,N/A,N/A,N/A,32.0,43.0,145.99,1.2908538818359374,Urban
Existing,52.00309999804288,-7.618699992766596,N/A,N/A,N/A,32.0,43.0,N/A,1.0,Urban
Optimized,52.00309999804288,-7.618699992766596,N/A,N/A,N/A,32.0,43.0,145.99,1.2908538818359374,Urban
Existing,51.54669999759438,-9.108599994394527,N/A,N/A,N/A,32.0,43.0,N/A,1.0,Urban
Optimized,51.54669999759438,-9.108599994394527,N/A,N/A,N/A,32.0,43.0,145.99,1.2908538818359374,Urban
Existing,52.0518999981379,-9.50719999471667,N/A,N/A,N/A,32.0,43.0,N/A,1.0,Urban
Optimized,52.0518999981379,-9.50719999471667,N/A,N/A,N/A,32.0,43.0,145.99,1.2908538818359374,Urban
Existing,51.48899999754177,-9.724599995053165,N/A,N/A,N/A,32.0,43.0,N/A,1.0,Urban
Optimized,51.48899999754177,-9.724599995053165,N/A,N/A,N/A,32.0,43.0,145.99,1.2908538818359374,Urban
